Año,Trimestre,Departamento,Poblacion_Trimestral,Tasa_Crecimiento_Trimestral_%,Periodo
2015,T1,Amazonas,408751,0.08275936368333035,2015-T1
2015,T2,Amazonas,409444,0.1695408696247838,2015-T2
2015,T3,Amazonas,410138,0.16949814870898097,2015-T3
2015,T4,Amazonas,410832,0.16921133862260995,2015-T4
2016,T1,Amazonas,411525,0.16868208902909218,2016-T1
2016,T2,Amazonas,412511,0.2395966223194217,2016-T2
2016,T3,Amazonas,413497,0.23902392905886144,2016-T3
2016,T4,Amazonas,414483,0.23845396701789853,2016-T4
2017,T1,Amazonas,415469,0.2378867167049071,2017-T1
2017,T2,Amazonas,416560,0.2625948025003069,2017-T2
2017,T3,Amazonas,417651,0.26190704820434035,2017-T3
2017,T4,Amazonas,418742,0.2612228870516292,2017-T4
2018,T1,Amazonas,419833,0.2605422909572004,2018-T1
2018,T2,Amazonas,420840,0.23985727658378453,2018-T2
2018,T3,Amazonas,421848,0.23952095808383234,2018-T3
2018,T4,Amazonas,422856,0.23894862604540024,2018-T4
2019,T1,Amazonas,423863,0.2381425355203663,2019-T1
2019,T2,Amazonas,424599,0.17364101136452106,2019-T2
2019,T3,Amazonas,425334,0.17310450566299027,2019-T3
2019,T4,Amazonas,426070,0.1730404811277725,2019-T4
2020,T1,Amazonas,426806,0.1727415682869012,2020-T1
2020,T2,Amazonas,427232,0.09981115541955829,2020-T2
2020,T3,Amazonas,427659,0.09994569695153921,2020-T3
2020,T4,Amazonas,428086,0.09984590526564388,2020-T4
2021,T1,Amazonas,428512,0.0995127147348897,2021-T1
2021,T2,Amazonas,428755,0.056707863490404,2021-T2
2021,T3,Amazonas,428998,0.05667572389826357,2021-T3
2021,T4,Amazonas,429240,0.056410519396360825,2021-T4
2022,T1,Amazonas,429483,0.05661168577019849,2022-T1
2022,T2,Amazonas,429598,0.026776379973130485,2022-T2
2022,T3,Amazonas,429713,0.026769212147170145,2022-T3
2022,T4,Amazonas,429828,0.026762048157723876,2022-T4
2023,T1,Amazonas,429943,0.026754888001712312,2023-T1
2023,T2,Amazonas,429988,0.010466503699327586,2023-T2
2023,T3,Amazonas,430033,0.010465408336976846,2023-T3
2023,T4,Amazonas,430078,0.0104643132038704,2023-T4
2024,T1,Amazonas,430123,0.010463218299936291,2024-T1
2024,T2,Amazonas,430155,0.007439732355628506,2024-T2
2024,T3,Amazonas,430187,0.0074391789006288435,2024-T3
2024,T4,Amazonas,430219,0.007438625527968069,2024-T4
2025,T1,Amazonas,430251,0.007438072237627813,2025-T1
2025,T2,Amazonas,430315,0.01487503805917941,2025-T2
2025,T3,Amazonas,430379,0.014872825720692982,2025-T3
2025,T4,Amazonas,430443,0.014870614040183187,2025-T4
2015,T1,Apurímac,421546,-0.02798436669955225,2015-T1
2015,T2,Apurímac,421793,0.05859384266485746,2015-T2
2015,T3,Apurímac,422040,0.058559530385757945,2015-T3
2015,T4,Apurímac,422287,0.05852525826935836,2015-T4
2016,T1,Apurímac,422534,0.058491026245183965,2016-T1
2016,T2,Apurímac,423080,0.12922037043172857,2016-T2
2016,T3,Apurímac,423626,0.12905360688285902,2016-T3
2016,T4,Apurímac,424171,0.12865121593103349,2016-T4
2017,T1,Apurímac,424717,0.12872167121278918,2017-T1
2017,T2,Apurímac,425368,0.1532785360604826,2017-T2
2017,T3,Apurímac,426020,0.15327904308739726,2017-T3
2017,T4,Apurímac,426672,0.15304445800666636,2017-T4
2018,T1,Apurímac,427323,0.15257621779727754,2018-T1
2018,T2,Apurímac,427889,0.13245250080150145,2018-T2
2018,T3,Apurímac,428455,0.1322772962146725,2018-T3
2018,T4,Apurímac,429021,0.13210255452731326,2018-T4
2019,T1,Apurímac,429587,0.13192827390733786,2019-T1
2019,T2,Apurímac,429874,0.06680835313917786,2019-T2
2019,T3,Apurímac,430162,0.06699637568217663,2019-T3
2019,T4,Apurímac,430449,0.0667190500323134,2019-T4
2020,T1,Apurímac,430736,0.06667456539566825,2020-T1
2020,T2,Apurímac,430704,-0.0074291445340069085,2020-T2
2020,T3,Apurímac,430672,-0.007429696496898102,2020-T3
2020,T4,Apurímac,430641,-0.007198053274882045,2020-T4
2021,T1,Apurímac,430609,-0.007430783413562573,2021-T1
2021,T2,Apurímac,430387,-0.051554890863869544,2021-T2
2021,T3,Apurímac,430164,-0.05181383266687888,2021-T3
2021,T4,Apurímac,429942,-0.051608223840209785,2021-T4
2022,T1,Apurímac,429720,-0.05163487168036619,2022-T1
2022,T2,Apurímac,429368,-0.08191380433770827,2022-T2
2022,T3,Apurímac,429016,-0.08198095805928714,2022-T3
2022,T4,Apurímac,428663,-0.08228131351744457,2022-T4
2023,T1,Apurímac,428311,-0.08211578792664634,2023-T1
2023,T2,Apurímac,427890,-0.09829306275113178,2023-T2
2023,T3,Apurímac,427468,-0.09862347799668139,2023-T3
2023,T4,Apurímac,427047,-0.0984869042828937,2023-T4
2024,T1,Apurímac,426626,-0.09858399660927251,2024-T1
2024,T2,Apurímac,426196,-0.10079085662852241,2024-T2
2024,T3,Apurímac,425766,-0.10089254709100977,2024-T3
2024,T4,Apurímac,425336,-0.1009944429569294,2024-T4
2025,T1,Apurímac,424906,-0.1010965448492486,2025-T1
2025,T2,Apurímac,424508,-0.09366777593161782,2025-T2
2025,T3,Apurímac,424110,-0.093755594711996,2025-T3
2025,T4,Apurímac,423712,-0.09384357831694608,2025-T4
2015,T1,Arequipa,1327106,0.4815460353466904,2015-T1
2015,T2,Arequipa,1334690,0.5714690461801846,2015-T2
2015,T3,Arequipa,1342275,0.5682967580486854,2015-T3
2015,T4,Arequipa,1349860,0.5650853960626547,2015-T4
2016,T1,Arequipa,1357444,0.561836042256234,2016-T1
2016,T2,Arequipa,1366119,0.6390687203302677,2016-T2
2016,T3,Arequipa,1374794,0.6350105664294252,2016-T3
2016,T4,Arequipa,1383469,0.6310036267251675,2016-T4
2017,T1,Arequipa,1392144,0.6270469378063405,2017-T1
2017,T2,Arequipa,1401285,0.6566131089887253,2017-T2
2017,T3,Arequipa,1410426,0.6523298258384269,2017-T3
2017,T4,Arequipa,1419567,0.6481020627810321,2017-T4
2018,T1,Arequipa,1428708,0.6439287472870249,2018-T1
2018,T2,Arequipa,1437690,0.6286798982017319,2018-T2
2018,T3,Arequipa,1446673,0.6248217626887577,2018-T3
2018,T4,Arequipa,1455656,0.6209419820512306,2018-T4
2019,T1,Arequipa,1464638,0.6170413888995752,2019-T1
2019,T2,Arequipa,1472838,0.5598653046008638,2019-T2
2019,T3,Arequipa,1481038,0.5567482642354421,2019-T3
2019,T4,Arequipa,1489238,0.5536657398392208,2019-T4
2020,T1,Arequipa,1497438,0.5506171612596509,2020-T1
2020,T2,Arequipa,1504746,0.48803356132273923,2020-T2
2020,T3,Arequipa,1512054,0.48566336112539926,2020-T3
2020,T4,Arequipa,1519361,0.48324993684088,2020-T4
2021,T1,Arequipa,1526669,0.48099168005497045,2021-T1
2021,T2,Arequipa,1533500,0.44744473097966875,2021-T2
2021,T3,Arequipa,1540332,0.44551679165308117,2021-T3
2021,T4,Arequipa,1547163,0.4434758220954963,2021-T4
2022,T1,Arequipa,1553994,0.4415177974137179,2022-T1
2022,T2,Arequipa,1560514,0.419564039500796,2022-T2
2022,T3,Arequipa,1567034,0.4178110545627915,2022-T3
2022,T4,Arequipa,1573555,0.4161364718314982,2022-T4
2023,T1,Arequipa,1580075,0.4143484021848617,2023-T1
2023,T2,Arequipa,1586448,0.4033352847174976,2023-T2
2023,T3,Arequipa,1592822,0.40177806016963685,2023-T3
2023,T4,Arequipa,1599196,0.40017026384617993,2023-T4
2024,T1,Arequipa,1605569,0.39851275265821073,2024-T1
2024,T2,Arequipa,1611961,0.3981143133680334,2024-T2
2024,T3,Arequipa,1618353,0.3965356481949625,2024-T3
2024,T4,Arequipa,1624744,0.39490766229617397,2024-T4
2025,T1,Arequipa,1631136,0.3934158242775477,2025-T1
2025,T2,Arequipa,1637775,0.40701695015007944,2025-T2
2025,T3,Arequipa,1644414,0.4053670375967395,2025-T3
2025,T4,Arequipa,1651053,0.4037304474420675,2025-T4
2015,T1,Ayacucho,644322,0.04161141767615759,2015-T1
2015,T2,Ayacucho,645190,0.13471525107011711,2015-T2
2015,T3,Ayacucho,646058,0.13453401323641098,2015-T3
2015,T4,Ayacucho,646926,0.13435326240058942,2015-T4
2016,T1,Ayacucho,647794,0.13417299660239349,2016-T1
2016,T2,Ayacucho,649121,0.20484907239029693,2016-T2
2016,T3,Ayacucho,650448,0.2044302988194805,2016-T3
2016,T4,Ayacucho,651774,0.20385949376429785,2016-T4
2017,T1,Ayacucho,653101,0.20359817973714814,2017-T1
2017,T2,Ayacucho,654591,0.22814235470470876,2017-T2
2017,T3,Ayacucho,656081,0.22762305011831815,2017-T3
2017,T4,Ayacucho,657571,0.2271061042767585,2017-T4
2018,T1,Ayacucho,659061,0.22659150114588386,2018-T1
2018,T2,Ayacucho,660419,0.20605072975035696,2018-T2
2018,T3,Ayacucho,661778,0.20577845277013532,2018-T3
2018,T4,Ayacucho,663136,0.20520476655313413,2018-T4
2019,T1,Ayacucho,664494,0.2047845389181103,2019-T1
2019,T2,Ayacucho,665424,0.13995611698525495,2019-T2
2019,T3,Ayacucho,666354,0.13976051359734545,2019-T3
2019,T4,Ayacucho,667283,0.13941538581594767,2019-T4
2020,T1,Ayacucho,668213,0.13937115137055792,2020-T1
2020,T2,Ayacucho,668654,0.06599692014372663,2020-T2
2020,T3,Ayacucho,669096,0.06610294711465123,2020-T3
2020,T4,Ayacucho,669537,0.06590982459916066,2020-T4
2021,T1,Ayacucho,669979,0.06601576910611362,2021-T1
2021,T2,Ayacucho,670129,0.022388761438791364,2021-T2
2021,T3,Ayacucho,670279,0.022383749994404064,2021-T3
2021,T4,Ayacucho,670429,0.02237874079301306,2021-T4
2022,T1,Ayacucho,670579,0.02237373383311283,2022-T1
2022,T2,Ayacucho,670528,-0.007605367898487724,2022-T2
2022,T3,Ayacucho,670478,-0.007456810155578887,2022-T3
2022,T4,Ayacucho,670428,-0.007457366237221803,2022-T4
2023,T1,Ayacucho,670377,-0.007607080849845174,2023-T1
2023,T2,Ayacucho,670217,-0.023867167280500375,2023-T2
2023,T3,Ayacucho,670057,-0.02387286505713821,2023-T3
2023,T4,Ayacucho,669897,-0.023878565554870706,2023-T4
2024,T1,Ayacucho,669737,-0.0238842687756476,2024-T1
2024,T2,Ayacucho,669558,-0.02672690921958918,2024-T2
2024,T3,Ayacucho,669378,-0.026883406665292625,2024-T3
2024,T4,Ayacucho,669199,-0.026741243363241695,2024-T4
2025,T1,Ayacucho,669020,-0.026748396216969842,2025-T1
2025,T2,Ayacucho,668890,-0.01943140713282114,2025-T2
2025,T3,Ayacucho,668761,-0.019285682249697258,2025-T3
2025,T4,Ayacucho,668631,-0.01943893259325828,2025-T4
2015,T1,Cajamarca,1413007,0.007219169017025207,2015-T1
2015,T2,Cajamarca,1414330,0.09363010940497818,2015-T2
2015,T3,Cajamarca,1415652,0.0934718205793556,2015-T3
2015,T4,Cajamarca,1416974,0.09338453235682216,2015-T4
2016,T1,Cajamarca,1418297,0.09336797993470593,2016-T1
2016,T2,Cajamarca,1420622,0.16392899371570271,2016-T2
2016,T3,Cajamarca,1422948,0.16373109806831093,2016-T3
2016,T4,Cajamarca,1425273,0.1633931809173631,2016-T4
2017,T1,Cajamarca,1427598,0.16312664310626807,2017-T1
2017,T2,Cajamarca,1430280,0.18786801326423824,2017-T2
2017,T3,Cajamarca,1432962,0.18751573118550213,2017-T3
2017,T4,Cajamarca,1435643,0.18709498228145618,2017-T4
2018,T1,Cajamarca,1438325,0.18681524585151044,2018-T1
2018,T2,Cajamarca,1440716,0.1662350303304191,2018-T2
2018,T3,Cajamarca,1443108,0.1660285580225388,2018-T3
2018,T4,Cajamarca,1445500,0.16575336010887612,2018-T4
2019,T1,Cajamarca,1447891,0.1654098927706676,2019-T1
2019,T2,Cajamarca,1449346,0.10049098999855652,2019-T2
2019,T3,Cajamarca,1450801,0.1003901069861855,2019-T3
2019,T4,Cajamarca,1452256,0.1002894263238032,2019-T4
2020,T1,Cajamarca,1453711,0.10018894740321266,2020-T1
2020,T2,Cajamarca,1454094,0.026346364580030007,2020-T2
2020,T3,Cajamarca,1454478,0.0264081964439713,2020-T3
2020,T4,Cajamarca,1454862,0.026401224356779548,2020-T4
2021,T1,Cajamarca,1455245,0.026325520908512284,2021-T1
2021,T2,Cajamarca,1454988,-0.01766025652037973,2021-T2
2021,T3,Cajamarca,1454731,-0.017663375917876985,2021-T3
2021,T4,Cajamarca,1454474,-0.017666496417550734,2021-T4
2022,T1,Cajamarca,1454217,-0.017669618019985234,2022-T1
2022,T2,Cajamarca,1453522,-0.04779204204049327,2022-T2
2022,T3,Cajamarca,1452826,-0.04788369216289812,2022-T3
2022,T4,Cajamarca,1452131,-0.04783780025963191,2022-T4
2023,T1,Cajamarca,1451436,-0.04786069576367421,2023-T1
2023,T2,Cajamarca,1450504,-0.06421226977972161,2023-T2
2023,T3,Cajamarca,1449572,-0.06425352842873926,2023-T3
2023,T4,Cajamarca,1448639,-0.06436382601209185,2023-T4
2024,T1,Cajamarca,1447707,-0.0643362494037507,2024-T1
2024,T2,Cajamarca,1446740,-0.06679528385232647,2024-T2
2024,T3,Cajamarca,1445773,-0.06683992977314514,2024-T3
2024,T4,Cajamarca,1444806,-0.06688463541648655,2024-T4
2025,T1,Cajamarca,1443839,-0.06692940090226647,2025-T1
2025,T2,Cajamarca,1442978,-0.059632687578047135,2025-T2
2025,T3,Cajamarca,1442118,-0.0595989682448381,2025-T3
2025,T4,Cajamarca,1441257,-0.059703852250648004,2025-T4
2015,T1,Cusco,1264393,0.22726444005117613,2015-T1
2015,T2,Cusco,1268331,0.3114537964066552,2015-T2
2015,T3,Cusco,1272269,0.31048677356305254,2015-T3
2015,T4,Cusco,1276207,0.3095257370886188,2015-T4
2016,T1,Cusco,1280145,0.30857063156682263,2016-T1
2016,T2,Cusco,1285020,0.380816235660804,2016-T2
2016,T3,Cusco,1289894,0.379293707490934,2016-T3
2016,T4,Cusco,1294768,0.3778605063671898,2016-T4
2017,T1,Cusco,1299643,0.37651532938719523,2017-T1
2017,T2,Cusco,1304865,0.4018026488812697,2017-T2
2017,T3,Cusco,1310086,0.40011801987178747,2017-T3
2017,T4,Cusco,1315308,0.3985997865788964,2017-T4
2018,T1,Cusco,1320530,0.3970172765618395,2018-T1
2018,T2,Cusco,1325512,0.3772727616941683,2018-T2
2018,T3,Cusco,1330494,0.3758547640458932,2018-T3
2018,T4,Cusco,1335475,0.3743722256545313,2018-T4
2019,T1,Cusco,1340457,0.3730507871731032,2019-T1
2019,T2,Cusco,1344612,0.3099689135869334,2019-T2
2019,T3,Cusco,1348766,0.3089367044173338,2019-T3
2019,T4,Cusco,1352921,0.3080593668582986,2019-T4
2020,T1,Cusco,1357075,0.30703936150004324,2020-T1
2020,T2,Cusco,1360289,0.23683289427629275,2020-T2
2020,T3,Cusco,1363504,0.2363468351210662,2020-T3
2020,T4,Cusco,1366718,0.23571621352045904,2020-T4
2021,T1,Cusco,1369932,0.23516189879697202,2021-T1
2021,T2,Cusco,1372598,0.1946081995310716,2021-T2
2021,T3,Cusco,1375263,0.19415735707031484,2021-T3
2021,T4,Cusco,1377928,0.1937811167754822,2021-T4
2022,T1,Cusco,1380594,0.19347890455814817,2022-T1
2022,T2,Cusco,1382880,0.16558090213342952,2022-T2
2022,T3,Cusco,1385166,0.16530718500520653,2022-T3
2022,T4,Cusco,1387451,0.16496217781839867,2022-T4
2023,T1,Cusco,1389737,0.16476257539905914,2023-T1
2023,T2,Cusco,1391812,0.14930882605845566,2023-T2
2023,T3,Cusco,1393886,0.14901437837868908,2023-T3
2023,T4,Cusco,1395961,0.1488643978058464,2023-T4
2024,T1,Cusco,1398036,0.14864312111871322,2024-T1
2024,T2,Cusco,1400068,0.1453467578803407,2024-T2
2024,T3,Cusco,1402100,0.1451358076893408,2024-T3
2024,T4,Cusco,1404133,0.14499679052849299,2024-T4
2025,T1,Cusco,1406165,0.1447156359119827,2025-T1
2025,T2,Cusco,1408322,0.1533959385989553,2025-T2
2025,T3,Cusco,1410479,0.15316099585180093,2025-T3
2025,T4,Cusco,1412636,0.15292677168536362,2025-T4
2015,T1,Huancavelica,393473,-0.5409326791586727,2015-T1
2015,T2,Huancavelica,391793,-0.4269670345868713,2015-T2
2015,T3,Huancavelica,390112,-0.4290530969159735,2015-T3
2015,T4,Huancavelica,388432,-0.4306455581986711,2015-T4
2016,T1,Huancavelica,386752,-0.4325081352720682,2016-T1
2016,T2,Huancavelica,385383,-0.3539736058249214,2016-T2
2016,T3,Huancavelica,384014,-0.35523102991050465,2016-T3
2016,T4,Huancavelica,382646,-0.35623701219226384,2016-T4
2017,T1,Huancavelica,381277,-0.3577719354181149,2017-T1
2017,T2,Huancavelica,380044,-0.32338693390894285,2017-T2
2017,T3,Huancavelica,378812,-0.3241729904958373,2017-T3
2017,T4,Huancavelica,377579,-0.32549127271575345,2017-T4
2018,T1,Huancavelica,376346,-0.3265541780660471,2018-T1
2018,T2,Huancavelica,375074,-0.3379868525240072,2018-T2
2018,T3,Huancavelica,373803,-0.3388664636844996,2018-T3
2018,T4,Huancavelica,372532,-0.34001867293734933,2018-T4
2019,T1,Huancavelica,371260,-0.34144717769211774,2019-T1
2019,T2,Huancavelica,369774,-0.40025857889349786,2019-T2
2019,T3,Huancavelica,368288,-0.40186708638249313,2019-T3
2019,T4,Huancavelica,366803,-0.4032170475280215,2019-T4
2020,T1,Huancavelica,365317,-0.4051220955117597,2020-T1
2020,T2,Huancavelica,363577,-0.47629866663746834,2020-T2
2020,T3,Huancavelica,361836,-0.4788531727804564,2020-T3
2020,T4,Huancavelica,360096,-0.48088084104400886,2020-T4
2021,T1,Huancavelica,358356,-0.4832044788056518,2021-T1
2021,T2,Huancavelica,356478,-0.5240598734219603,2021-T2
2021,T3,Huancavelica,354600,-0.5268207294699813,2021-T3
2021,T4,Huancavelica,352723,-0.5293288212069938,2021-T4
2022,T1,Huancavelica,350845,-0.5324291299404916,2022-T1
2022,T2,Huancavelica,348890,-0.5572261254970143,2022-T2
2022,T3,Huancavelica,346936,-0.5600619106308579,2022-T3
2022,T4,Huancavelica,344981,-0.5635045080360642,2022-T4
2023,T1,Huancavelica,343026,-0.5666978761149165,2023-T1
2023,T2,Huancavelica,341055,-0.5745920134333841,2023-T2
2023,T3,Huancavelica,339084,-0.5779126533843515,2023-T3
2023,T4,Huancavelica,337113,-0.5812718972290052,2023-T4
2024,T1,Huancavelica,335142,-0.5846704220839896,2024-T1
2024,T2,Huancavelica,333216,-0.5746817766797357,2024-T2
2024,T3,Huancavelica,331291,-0.577703351579756,2024-T3
2024,T4,Huancavelica,329366,-0.5810601555731969,2024-T4
2025,T1,Huancavelica,327440,-0.5847598112737805,2025-T1
2025,T2,Huancavelica,325578,-0.5686537991693135,2025-T2
2025,T3,Huancavelica,323715,-0.5722131102224352,2025-T3
2025,T4,Huancavelica,321853,-0.575197318629041,2025-T4
2015,T1,Huánuco,752150,-0.08833511553303268,2015-T1
2015,T2,Huánuco,752174,0.0031908528883866248,2015-T2
2015,T3,Huánuco,752199,0.0033236990377226543,2015-T3
2015,T4,Huánuco,752223,0.0031906450287756296,2015-T4
2016,T1,Huánuco,752248,0.00332348253111112,2016-T1
2016,T2,Huánuco,752805,0.07404472992949133,2016-T2
2016,T3,Huánuco,753362,0.07398994427507788,2016-T3
2016,T4,Huánuco,753919,0.07393523963247417,2016-T4
2017,T1,Huánuco,754476,0.07388061582212413,2017-T1
2017,T2,Huánuco,755224,0.09914165593073868,2017-T2
2017,T3,Huánuco,755971,0.09891105155556497,2017-T3
2017,T4,Huánuco,756719,0.09894559447386209,2017-T4
2018,T1,Huánuco,757467,0.09884778894146969,2018-T1
2018,T2,Huánuco,758063,0.0786832957739413,2018-T2
2018,T3,Huánuco,758659,0.07862143383861236,2018-T3
2018,T4,Huánuco,759255,0.0785596691003468,2018-T4
2019,T1,Huánuco,759851,0.07849800133025137,2019-T1
2019,T2,Huánuco,759955,0.013686893877878688,2019-T2
2019,T3,Huánuco,760059,0.013685020823601398,2019-T3
2019,T4,Huánuco,760163,0.013683148281909694,2019-T4
2020,T1,Huánuco,760267,0.013681276252593192,2020-T1
2020,T2,Huánuco,759804,-0.060899657620283404,2020-T2
2020,T3,Huánuco,759342,-0.06080515501366142,2020-T3
2020,T4,Huánuco,758879,-0.06097384314314235,2020-T4
2021,T1,Huánuco,758416,-0.061011043921362966,2021-T1
2021,T2,Huánuco,757615,-0.10561486044598214,2021-T2
2021,T3,Huánuco,756814,-0.10572652336608963,2021-T3
2021,T4,Huánuco,756014,-0.10570628978850816,2021-T4
2022,T1,Huánuco,755213,-0.10595041890758636,2022-T1
2022,T2,Huánuco,754184,-0.13625295115417768,2022-T2
2022,T3,Huánuco,753155,-0.136438853118072,2022-T3
2022,T4,Huánuco,752126,-0.13662526306006068,2022-T4
2023,T1,Huánuco,751097,-0.13681218306507154,2023-T1
2023,T2,Huánuco,749950,-0.1527099695512031,2023-T2
2023,T3,Huánuco,748803,-0.1529435295686379,2023-T3
2023,T4,Huánuco,747656,-0.15317780511028936,2023-T4
2024,T1,Huánuco,746509,-0.15341279946927466,2024-T1
2024,T2,Huánuco,745354,-0.15472017082178513,2024-T2
2024,T3,Huánuco,744198,-0.15509408951987913,2024-T3
2024,T4,Huánuco,743042,-0.15533500493148328,2024-T4
2025,T1,Huánuco,741887,-0.15544208806500845,2025-T1
2025,T2,Huánuco,740790,-0.14786618447283753,2025-T2
2025,T3,Huánuco,739692,-0.14822014336046652,2025-T3
2025,T4,Huánuco,738595,-0.14830497017677627,2025-T4
2015,T1,Ica,847268,0.5839622294322188,2015-T1
2015,T2,Ica,852992,0.6755831684897813,2015-T2
2015,T3,Ica,858717,0.6711669042617047,2015-T3
2015,T4,Ica,864441,0.6665758334818106,2015-T4
2016,T1,Ica,870166,0.6622777031630847,2016-T1
2016,T2,Ica,876625,0.7422721641617805,2016-T2
2016,T3,Ica,883083,0.7366890061314701,2016-T3
2016,T4,Ica,889542,0.7314148273718325,2016-T4
2017,T1,Ica,896000,0.7259915776882935,2017-T1
2017,T2,Ica,902794,0.7582589285714285,2017-T2
2017,T3,Ica,909588,0.7525526310542604,2017-T3
2017,T4,Ica,916381,0.7468216379283807,2017-T4
2018,T1,Ica,923175,0.741394681906325,2018-T1
2018,T2,Ica,929906,0.7291141982830991,2018-T2
2018,T3,Ica,936638,0.7239441405905542,2018-T3
2018,T4,Ica,943369,0.7186340934277704,2018-T4
2019,T1,Ica,950100,0.7135065918002393,2019-T1
2019,T2,Ica,956370,0.6599305336280391,2019-T2
2019,T3,Ica,962641,0.655708564676851,2019-T3
2019,T4,Ica,968912,0.6514370362367695,2019-T4
2020,T1,Ica,975182,0.6471175916904734,2020-T1
2020,T2,Ica,980922,0.588608075210576,2020-T2
2020,T3,Ica,986663,0.5852656990056294,2020-T3
2020,T4,Ica,992404,0.5818602704266806,2020-T4
2021,T1,Ica,998144,0.5783934768501537,2021-T1
2021,T2,Ica,1003620,0.5486182354449859,2021-T2
2021,T3,Ica,1009097,0.5457244773918415,2021-T3
2021,T4,Ica,1014574,0.5427624896318193,2021-T4
2022,T1,Ica,1020050,0.5397339178808052,2022-T1
2022,T2,Ica,1025366,0.5211509239743151,2022-T2
2022,T3,Ica,1030681,0.5183514959536399,2022-T3
2022,T4,Ica,1035996,0.5156784688958077,2022-T4
2023,T1,Ica,1041312,0.5131293943219858,2023-T1
2023,T2,Ica,1046570,0.5049399219446237,2023-T2
2023,T3,Ica,1051829,0.5024986384092799,2023-T3
2023,T4,Ica,1057088,0.4999862144892373,2023-T4
2024,T1,Ica,1062346,0.49740418962281285,2024-T1
2024,T2,Ica,1067651,0.4993664964145391,2024-T2
2024,T3,Ica,1072956,0.4968852181096632,2024-T3
2024,T4,Ica,1078261,0.49442847609780827,2024-T4
2025,T1,Ica,1083566,0.4919959082263014,2025-T1
2025,T2,Ica,1089076,0.5085061731357389,2025-T2
2025,T3,Ica,1094586,0.5059334702077725,2025-T3
2025,T4,Ica,1100095,0.5032953098249018,2025-T4
2015,T1,Junín,1293785,0.1225815488457291,2015-T1
2015,T2,Junín,1296497,0.2096175175937269,2015-T2
2015,T3,Junín,1299208,0.20910191076415913,2015-T3
2015,T4,Junín,1301920,0.20874255700395933,2015-T4
2016,T1,Junín,1304632,0.20830773012166645,2016-T1
2016,T2,Junín,1308277,0.2793891304214522,2016-T2
2016,T3,Junín,1311922,0.2786107223470259,2016-T3
2016,T4,Junín,1315567,0.27783663967827354,2016-T4
2017,T1,Junín,1319212,0.2770668464623999,2017-T1
2017,T2,Junín,1323194,0.30184686009526895,2017-T2
2017,T3,Junín,1327176,0.3009384867222796,2017-T3
2017,T4,Junín,1331157,0.2999602162787754,2017-T4
2018,T1,Junín,1335139,0.299138268438659,2018-T1
2018,T2,Junín,1338860,0.2786975738106669,2018-T2
2018,T3,Junín,1342580,0.2778483187189101,2018-T3
2018,T4,Junín,1346300,0.2770784608738399,2018-T4
2019,T1,Junín,1350021,0.27638713511104507,2019-T1
2019,T2,Junín,1352882,0.21192262935169157,2019-T2
2019,T3,Junín,1355744,0.2115483833771164,2019-T3
2019,T4,Junín,1358606,0.21110180092996908,2019-T4
2020,T1,Junín,1361467,0.21058349514134342,2020-T1
2020,T2,Junín,1363351,0.13838014435898924,2020-T2
2020,T3,Junín,1365235,0.1381889183343101,2020-T3
2020,T4,Junín,1367119,0.13799822008665175,2020-T4
2021,T1,Junín,1369003,0.13780804743405659,2021-T1
2021,T2,Junín,1370308,0.09532484589149914,2021-T2
2021,T3,Junín,1371612,0.09516108787221558,2021-T3
2021,T4,Junín,1372916,0.09507061763822422,2021-T4
2022,T1,Junín,1374221,0.09505315693021277,2022-T1
2022,T2,Junín,1375125,0.06578272344841186,2022-T2
2022,T3,Junín,1376030,0.06581219889100991,2022-T3
2022,T4,Junín,1376934,0.06569624208774517,2022-T4
2023,T1,Junín,1377838,0.06565311046135835,2023-T1
2023,T2,Junín,1378519,0.049425258992711774,2023-T2
2023,T3,Junín,1379200,0.04940084249836237,2023-T3
2023,T4,Junín,1379880,0.049303944315545245,2023-T4
2024,T1,Junín,1380561,0.04935211757544134,2024-T1
2024,T2,Junín,1381198,0.04614066310724409,2024-T2
2024,T3,Junín,1381834,0.04604698240223342,2024-T3
2024,T4,Junín,1382471,0.046098156507945236,2024-T4
2025,T1,Junín,1383107,0.04600458165126068,2025-T1
2025,T2,Junín,1383851,0.0537919336681833,2025-T2
2025,T3,Junín,1384594,0.053690751388697194,2025-T3
2025,T4,Junín,1385338,0.05373416322763207,2025-T4
2015,T1,La Libertad,1821292,0.3826163639871028,2015-T1
2015,T2,La Libertad,1829914,0.4734002016151172,2015-T2
2015,T3,La Libertad,1838536,0.47116968338402787,2015-T3
2015,T4,La Libertad,1847158,0.46896008563335173,2015-T4
2016,T1,La Libertad,1855780,0.4667711154108095,2016-T1
2016,T2,La Libertad,1865832,0.5416590328594985,2016-T2
2016,T3,La Libertad,1875884,0.5387408941426667,2016-T3
2016,T4,La Libertad,1885936,0.5358540293536275,2016-T4
2017,T1,La Libertad,1895988,0.5329979384242095,2017-T1
2017,T2,La Libertad,1906616,0.5605520710046689,2017-T2
2017,T3,La Libertad,1917244,0.5574274001686758,2017-T3
2017,T4,La Libertad,1927873,0.5543895299711461,2017-T4
2018,T1,La Libertad,1938501,0.5512811269207049,2018-T1
2018,T2,La Libertad,1948851,0.53391770238963,2018-T2
2018,T3,La Libertad,1959201,0.5310821607193161,2018-T3
2018,T4,La Libertad,1969551,0.5282765780540128,2018-T4
2019,T1,La Libertad,1979901,0.5255004820895727,2019-T1
2019,T2,La Libertad,1989118,0.46552832692139656,2019-T2
2019,T3,La Libertad,1998336,0.4634214762522887,2019-T3
2019,T4,La Libertad,2007553,0.46123374647706894,2019-T4
2020,T1,La Libertad,2016771,0.4591659597529928,2020-T1
2020,T2,La Libertad,2024701,0.39320279793789187,2020-T2
2020,T3,La Libertad,2032632,0.3917121589805112,2020-T3
2020,T4,La Libertad,2040562,0.39013456444649103,2020-T4
2021,T1,La Libertad,2048492,0.3886184296287003,2021-T1
2021,T2,La Libertad,2055705,0.35211267605633806,2021-T2
2021,T3,La Libertad,2062918,0.3508771929824561,2021-T3
2021,T4,La Libertad,2070132,0.3496988246745629,2021-T4
2022,T1,La Libertad,2077345,0.3484318874351974,2022-T1
2022,T2,La Libertad,2084072,0.3238268077762721,2022-T2
2022,T3,La Libertad,2090800,0.32282953755916305,2022-T3
2022,T4,La Libertad,2097527,0.3217428735412282,2022-T4
2023,T1,La Libertad,2104254,0.3207110087259902,2023-T1
2023,T2,La Libertad,2110727,0.3076149552287889,2023-T2
2023,T3,La Libertad,2117200,0.30667158756201063,2023-T3
2023,T4,La Libertad,2123672,0.3056867560929529,2023-T4
2024,T1,La Libertad,2130145,0.30480224818145174,2024-T1
2024,T2,La Libertad,2136594,0.30274934335456033,2024-T2
2024,T3,La Libertad,2143044,0.30188234170834516,2024-T3
2024,T4,La Libertad,2149494,0.3009737550885563,2024-T4
2025,T1,La Libertad,2155943,0.30002409869485563,2025-T1
2025,T2,La Libertad,2162657,0.3114182517812391,2025-T2
2025,T3,La Libertad,2169370,0.3104052098876521,2025-T3
2025,T4,La Libertad,2176084,0.3094907738191272,2025-T4
2015,T1,Lambayeque,1208672,0.27818361778085304,2015-T1
2015,T2,Lambayeque,1213084,0.36502872574197137,2015-T2
2015,T3,Lambayeque,1217496,0.3637011122065743,2015-T3
2015,T4,Lambayeque,1221909,0.36246525655936446,2015-T4
2016,T1,Lambayeque,1226321,0.3610743516906742,2016-T1
2016,T2,Lambayeque,1231645,0.434144078100269,2016-T2
2016,T3,Lambayeque,1236968,0.4321862224910587,2016-T3
2016,T4,Lambayeque,1242292,0.43040725386590434,2016-T4
2017,T1,Lambayeque,1247616,0.42856268896523525,2017-T1
2017,T2,Lambayeque,1253286,0.45446675900277006,2017-T2
2017,T3,Lambayeque,1258956,0.45241070274462497,2017-T3
2017,T4,Lambayeque,1264625,0.45029373544428875,2017-T4
2018,T1,Lambayeque,1270295,0.44835425521399624,2018-T1
2018,T2,Lambayeque,1275748,0.4292703663322299,2018-T2
2018,T3,Lambayeque,1281200,0.42735712695610734,2018-T3
2018,T4,Lambayeque,1286652,0.4255385576022479,2018-T4
2019,T1,Lambayeque,1292105,0.42381312118583736,2019-T1
2019,T2,Lambayeque,1296775,0.3614257355245897,2019-T2
2019,T3,Lambayeque,1301445,0.36012415415164545,2019-T3
2019,T4,Lambayeque,1306115,0.3588319137574004,2019-T4
2020,T1,Lambayeque,1310785,0.357548914146151,2020-T1
2020,T2,Lambayeque,1314567,0.2885293926921654,2020-T2
2020,T3,Lambayeque,1318348,0.28762322498586984,2020-T3
2020,T4,Lambayeque,1322130,0.2868741788966191,2020-T4
2021,T1,Lambayeque,1325912,0.28605356508058966,2021-T1
2021,T2,Lambayeque,1329182,0.24662270195910438,2021-T2
2021,T3,Lambayeque,1332453,0.2460912049666637,2021-T3
2021,T4,Lambayeque,1335724,0.24548708284644938,2021-T4
2022,T1,Lambayeque,1338994,0.24481105378057144,2022-T1
2022,T2,Lambayeque,1341911,0.2178501173268887,2022-T2
2022,T3,Lambayeque,1344828,0.21737656223102725,2022-T3
2022,T4,Lambayeque,1347746,0.2169794204165886,2022-T4
2023,T1,Lambayeque,1350663,0.21643544109943563,2023-T1
2023,T2,Lambayeque,1353386,0.20160469339872344,2023-T2
2023,T3,Lambayeque,1356108,0.20112517788716597,2023-T3
2023,T4,Lambayeque,1358831,0.20079521690012891,2023-T4
2024,T1,Lambayeque,1361554,0.20039283766708293,2024-T1
2024,T2,Lambayeque,1364241,0.1973480302654173,2024-T2
2024,T3,Lambayeque,1366928,0.19695933489757306,2024-T3
2024,T4,Lambayeque,1369614,0.19649901092083857,2024-T4
2025,T1,Lambayeque,1372301,0.19618666281156588,2025-T1
2025,T2,Lambayeque,1375122,0.2055671459832792,2025-T2
2025,T3,Lambayeque,1377944,0.2052181551891396,2025-T3
2025,T4,Lambayeque,1380765,0.20472530088305477,2025-T4
2015,T1,Lima,9514151,0.4269502643264202,2015-T1
2015,T2,Lima,9563552,0.5192370816902108,2015-T2
2015,T3,Lima,9612953,0.51655493691047,2015-T3
2015,T4,Lima,9662354,0.513900359234046,2015-T4
2016,T1,Lima,9711755,0.5112729258315314,2016-T1
2016,T2,Lima,9768788,0.5872574009537926,2016-T2
2016,T3,Lima,9825820,0.5838185862975018,2016-T3
2016,T4,Lima,9882852,0.5804299284945175,2016-T4
2017,T1,Lima,9939885,0.5770904997869036,2017-T1
2017,T2,Lima,10000074,0.605530144463442,2017-T2
2017,T3,Lima,10060263,0.6018855460469592,2017-T3
2017,T4,Lima,10120452,0.5982845577695136,2017-T4
2018,T1,Lima,10180641,0.5947264015480731,2018-T1
2018,T2,Lima,10239515,0.5782936457537399,2018-T2
2018,T3,Lima,10298390,0.5749784047388964,2018-T3
2018,T4,Lima,10357264,0.5716815929480239,2018-T4
2019,T1,Lima,10416139,0.568441627055176,2019-T1
2019,T2,Lima,10469222,0.5096226154432079,2019-T2
2019,T3,Lima,10522304,0.5070290800978334,2019-T3
2019,T4,Lima,10575387,0.5044807677101897,2019-T4
2020,T1,Lima,10628470,0.5019485338928968,2020-T1
2020,T2,Lima,10674965,0.4374571316473585,2020-T2
2020,T3,Lima,10721460,0.435551779326677,2020-T3
2020,T4,Lima,10767955,0.43366295262025883,2020-T4
2021,T1,Lima,10814450,0.4317904374600377,2021-T1
2021,T2,Lima,10857339,0.39658974797608754,2021-T2
2021,T3,Lima,10900228,0.3950231267532496,2021-T3
2021,T4,Lima,10943117,0.39346883386292464,2021-T4
2022,T1,Lima,10986006,0.3919267243510236,2022-T1
2022,T2,Lima,11026486,0.3684687592560936,2022-T2
2022,T3,Lima,11066965,0.36710698222443666,2022-T3
2022,T4,Lima,11107444,0.3657642361749585,2022-T4
2023,T1,Lima,11147924,0.3644402798699683,2023-T1
2023,T2,Lima,11187191,0.35223598582121657,2023-T2
2023,T3,Lima,11226458,0.35099963878331925,2023-T3
2023,T4,Lima,11265726,0.3497808480644563,2023-T4
2024,T1,Lima,11304993,0.3485527697016597,2024-T1
2024,T2,Lima,11344244,0.3472005688106131,2024-T2
2024,T3,Lima,11383494,0.34599044237764986,2024-T3
2024,T4,Lima,11422744,0.3447974760649059,2024-T4
2025,T1,Lima,11461995,0.34362146258377146,2025-T1
2025,T2,Lima,11502796,0.35596770021274654,2025-T2
2025,T3,Lima,11543597,0.35470506475121355,2025-T3
2025,T4,Lima,11584397,0.35344269208289236,2025-T4
2015,T1,Loreto,958509,0.21611347055022676,2015-T1
2015,T2,Loreto,961436,0.30537011128742664,2015-T2
2015,T3,Loreto,964364,0.3045444522568325,2015-T3
2015,T4,Loreto,967291,0.30351609972997745,2015-T4
2016,T1,Loreto,970219,0.302701048598612,2016-T1
2016,T2,Loreto,973854,0.37465768037937824,2016-T2
2016,T3,Loreto,977489,0.3732592359840387,2016-T3
2016,T4,Loreto,981124,0.37187119241239547,2016-T4
2017,T1,Loreto,984759,0.3704934340613419,2017-T1
2017,T2,Loreto,988657,0.39583288906219694,2017-T2
2017,T3,Loreto,992555,0.3942722299037988,2017-T3
2017,T4,Loreto,996452,0.3926230788218285,2017-T4
2018,T1,Loreto,1000350,0.3911879347926443,2018-T1
2018,T2,Loreto,1004066,0.3714699855050732,2018-T2
2018,T3,Loreto,1007781,0.3699955978989429,2018-T3
2018,T4,Loreto,1011497,0.3687309048295215,2018-T4
2019,T1,Loreto,1015212,0.367277411598848,2019-T1
2019,T2,Loreto,1018299,0.3040744199241144,2019-T2
2019,T3,Loreto,1021386,0.30315261038260866,2019-T3
2019,T4,Loreto,1024472,0.3021384667500827,2019-T4
2020,T1,Loreto,1027559,0.3013259513193138,2020-T1
2020,T2,Loreto,1029933,0.23103296258414358,2020-T2
2020,T3,Loreto,1032307,0.23050043061053488,2020-T3
2020,T4,Loreto,1034681,0.22997034796819163,2020-T4
2021,T1,Loreto,1037055,0.22944269779767873,2021-T1
2021,T2,Loreto,1039012,0.18870744560317437,2021-T2
2021,T3,Loreto,1040970,0.18844825661301312,2021-T3
2021,T4,Loreto,1042927,0.18799773288375266,2021-T4
2022,T1,Loreto,1044884,0.1876449646044258,2022-T1
2022,T2,Loreto,1046553,0.159730649526646,2022-T2
2022,T3,Loreto,1048222,0.1594759176076128,2022-T3
2022,T4,Loreto,1049891,0.15922199686707586,2022-T4
2023,T1,Loreto,1051560,0.15896888343647103,2023-T1
2023,T2,Loreto,1053068,0.14340598729506637,2023-T2
2023,T3,Loreto,1054576,0.14320062901920863,2023-T3
2023,T4,Loreto,1056084,0.14299585805100817,2023-T4
2024,T1,Loreto,1057592,0.14279167187458572,2024-T1
2024,T2,Loreto,1059068,0.13956232649263609,2024-T2
2024,T3,Loreto,1060544,0.1393678215185427,2024-T3
2024,T4,Loreto,1062019,0.13907956671293223,2024-T4
2025,T1,Loreto,1063495,0.1389805643778501,2025-T1
2025,T2,Loreto,1065064,0.14753242845523484,2025-T2
2025,T3,Loreto,1066634,0.14740898199544816,2025-T3
2025,T4,Loreto,1068203,0.14709825488405584,2025-T4
2015,T1,Madre de Dios,143639,0.8311396581376576,2015-T1
2015,T2,Madre de Dios,144990,0.9405523569504104,2015-T2
2015,T3,Madre de Dios,146342,0.9324781019380647,2015-T3
2015,T4,Madre de Dios,147693,0.9231799483401893,2015-T4
2016,T1,Madre de Dios,149044,0.9147352955116357,2016-T1
2016,T2,Madre de Dios,150540,1.0037304420171225,2016-T2
2016,T3,Madre de Dios,152036,0.9937558124086622,2016-T3
2016,T4,Madre de Dios,153531,0.9833197400615643,2016-T4
2017,T1,Madre de Dios,155027,0.9743960503090581,2017-T1
2017,T2,Madre de Dios,156601,1.0153070110367872,2017-T2
2017,T3,Madre de Dios,158176,1.0057407040823494,2017-T3
2017,T4,Madre de Dios,159750,0.9950940724256525,2017-T4
2018,T1,Madre de Dios,161324,0.9852895148669797,2018-T1
2018,T2,Madre de Dios,162912,0.9843544667873347,2018-T2
2018,T3,Madre de Dios,164499,0.9741455509723042,2018-T3
2018,T4,Madre de Dios,166086,0.9647475060638667,2018-T4
2019,T1,Madre de Dios,167674,0.9561311609648013,2019-T1
2019,T2,Madre de Dios,169208,0.9148705225616375,2019-T2
2019,T3,Madre de Dios,170742,0.9065765212046711,2019-T3
2019,T4,Madre de Dios,172277,0.8990172306755221,2019-T4
2020,T1,Madre de Dios,173811,0.8904264643568207,2020-T1
2020,T2,Madre de Dios,175280,0.8451709040279384,2020-T2
2020,T3,Madre de Dios,176749,0.8380876312186216,2020-T3
2020,T4,Madre de Dios,178219,0.8316878737644908,2020-T4
2021,T1,Madre de Dios,179688,0.8242667729030014,2021-T1
2021,T2,Madre de Dios,181136,0.8058412359200393,2021-T2
2021,T3,Madre de Dios,182583,0.7988472749757088,2021-T3
2021,T4,Madre de Dios,184030,0.7925162802670567,2021-T4
2022,T1,Madre de Dios,185478,0.7868282345269793,2022-T1
2022,T2,Madre de Dios,186923,0.7790681374610465,2022-T2
2022,T3,Madre de Dios,188368,0.7730455856154673,2022-T3
2022,T4,Madre de Dios,189814,0.7676463093519069,2022-T4
2023,T1,Madre de Dios,191259,0.7612715605803576,2023-T1
2023,T2,Madre de Dios,192718,0.7628399186443513,2023-T2
2023,T3,Madre de Dios,194178,0.7575836195892444,2023-T3
2023,T4,Madre de Dios,195637,0.7513724520800503,2023-T4
2024,T1,Madre de Dios,197096,0.7457689496363162,2024-T1
2024,T2,Madre de Dios,198589,0.7574988837926695,2024-T2
2024,T3,Madre de Dios,200082,0.7518039770581452,2024-T3
2024,T4,Madre de Dios,201576,0.7466938555192372,2024-T4
2025,T1,Madre de Dios,203069,0.7406635710600468,2025-T1
2025,T2,Madre de Dios,204626,0.7667344597156632,2025-T2
2025,T3,Madre de Dios,206182,0.7604116778903952,2025-T3
2025,T4,Madre de Dios,207739,0.7551580642345113,2025-T4
2015,T1,Moquegua,176719,0.30479844706042614,2015-T1
2015,T2,Moquegua,177416,0.3944114667919126,2015-T2
2015,T3,Moquegua,178114,0.3934256211390179,2015-T3
2015,T4,Moquegua,178811,0.3913224114892709,2015-T4
2016,T1,Moquegua,179508,0.38979704828002754,2016-T1
2016,T2,Moquegua,180340,0.46348909240813785,2016-T2
2016,T3,Moquegua,181172,0.4613507818564933,2016-T3
2016,T4,Moquegua,182004,0.45923211092221755,2016-T4
2017,T1,Moquegua,182836,0.4571328102679062,2017-T1
2017,T2,Moquegua,183720,0.48349340392482876,2017-T2
2017,T3,Moquegua,184604,0.48116699325059875,2017-T3
2017,T4,Moquegua,185487,0.47832116313839357,2017-T4
2018,T1,Moquegua,186371,0.4765832645953625,2018-T1
2018,T2,Moquegua,187224,0.4576892327669005,2018-T2
2018,T3,Moquegua,188076,0.4550698628380977,2018-T3
2018,T4,Moquegua,188928,0.45300835832323105,2018-T4
2019,T1,Moquegua,189781,0.4514947493224932,2019-T1
2019,T2,Moquegua,190521,0.38992312191420636,2019-T2
2019,T3,Moquegua,191260,0.3878837503477307,2019-T3
2019,T4,Moquegua,192000,0.38690787409808636,2019-T4
2020,T1,Moquegua,192740,0.3854166666666667,2020-T1
2020,T2,Moquegua,193351,0.3170073674379994,2020-T2
2020,T3,Moquegua,193962,0.3160056063842442,2020-T3
2020,T4,Moquegua,194574,0.3155257215330838,2020-T4
2021,T1,Moquegua,195185,0.31401934482510513,2021-T1
2021,T2,Moquegua,195723,0.27563593513845835,2021-T2
2021,T3,Moquegua,196261,0.2748782718433705,2021-T3
2021,T4,Moquegua,196799,0.274124762433698,2021-T4
2022,T1,Moquegua,197337,0.2733753728423417,2022-T1
2022,T2,Moquegua,197824,0.24678595499070122,2022-T2
2022,T3,Moquegua,198312,0.24668392106114526,2022-T3
2022,T4,Moquegua,198799,0.2455726330227117,2022-T4
2023,T1,Moquegua,199286,0.24497105116222917,2023-T1
2023,T2,Moquegua,199747,0.23132583322461187,2023-T2
2023,T3,Moquegua,200208,0.23079195181905113,2023-T3
2023,T4,Moquegua,200668,0.22976104850955004,2023-T4
2024,T1,Moquegua,201129,0.22973269280602784,2024-T1
2024,T2,Moquegua,201583,0.22572577798328436,2024-T2
2024,T3,Moquegua,202038,0.2257134778230307,2024-T3
2024,T4,Moquegua,202492,0.22471020303111294,2024-T4
2025,T1,Moquegua,202946,0.22420638840052942,2025-T1
2025,T2,Moquegua,203422,0.23454514994136372,2025-T2
2025,T3,Moquegua,203898,0.23399632291492561,2025-T3
2025,T4,Moquegua,204375,0.2339404996615955,2025-T4
2015,T1,Pasco,271027,-0.12970789928476412,2015-T1
2015,T2,Pasco,270932,-0.0350518583019404,2015-T2
2015,T3,Pasco,270838,-0.034695052633133036,2015-T3
2015,T4,Pasco,270743,-0.035076318684970346,2015-T4
2016,T1,Pasco,270648,-0.03508862648341785,2016-T1
2016,T2,Pasco,270745,0.03583991014158612,2016-T2
2016,T3,Pasco,270842,0.03582706975198065,2016-T3
2016,T4,Pasco,270939,0.0358142385597507,2016-T4
2017,T1,Pasco,271036,0.035801416555017916,2017-T1
2017,T2,Pasco,271203,0.061615431160436246,2017-T2
2017,T3,Pasco,271370,0.061577489924521486,2017-T3
2017,T4,Pasco,271537,0.061539595386372846,2017-T4
2018,T1,Pasco,271704,0.06150174745983052,2018-T1
2018,T2,Pasco,271817,0.0415893766746165,2018-T2
2018,T3,Pasco,271930,0.04157208710271985,2018-T3
2018,T4,Pasco,272044,0.041922553598352515,2018-T4
2019,T1,Pasco,272157,0.04153739836202967,2019-T1
2019,T2,Pasco,272094,-0.02314840331132398,2019-T2
2019,T3,Pasco,272030,-0.023521283085992342,2019-T3
2019,T4,Pasco,271967,-0.023159210381207954,2019-T4
2020,T1,Pasco,271904,-0.023164575113892496,2020-T1
2020,T2,Pasco,271638,-0.09782864540426033,2020-T2
2020,T3,Pasco,271373,-0.09755630655504752,2020-T3
2020,T4,Pasco,271108,-0.09765157182180983,2020-T4
2021,T1,Pasco,270842,-0.09811588001829528,2021-T1
2021,T2,Pasco,270456,-0.14251851633055435,2021-T2
2021,T3,Pasco,270069,-0.1430916674061585,2021-T3
2021,T4,Pasco,269682,-0.14329671306221745,2021-T4
2022,T1,Pasco,269296,-0.14313154011020388,2022-T1
2022,T2,Pasco,268828,-0.1737864654506565,2022-T2
2022,T3,Pasco,268360,-0.1740890085854152,2022-T3
2022,T4,Pasco,267893,-0.17401997317036816,2022-T4
2023,T1,Pasco,267425,-0.174696613946613,2023-T1
2023,T2,Pasco,266917,-0.1899598018135926,2023-T2
2023,T3,Pasco,266408,-0.19069598414488398,2023-T3
2023,T4,Pasco,265900,-0.19068496441548302,2023-T4
2024,T1,Pasco,265392,-0.19104926664159458,2024-T1
2024,T2,Pasco,264882,-0.19216856574425756,2024-T2
2024,T3,Pasco,264373,-0.19216103774510915,2024-T3
2024,T4,Pasco,263864,-0.19253100732676937,2024-T4
2025,T1,Pasco,263354,-0.1932813873813783,2025-T1
2025,T2,Pasco,262866,-0.18530191301442167,2025-T2
2025,T3,Pasco,262378,-0.1856459184527478,2025-T3
2025,T4,Pasco,261890,-0.18599120353078383,2025-T4
2015,T1,Piura,1863545,0.3460738628347795,2015-T1
2015,T2,Piura,1871631,0.4339041987180347,2015-T2
2015,T3,Piura,1879717,0.432029604126027,2015-T3
2015,T4,Piura,1887803,0.4301711374637778,2015-T4
2016,T1,Piura,1895889,0.428328591489684,2016-T1
2016,T2,Piura,1905415,0.5024555762494535,2016-T2
2016,T3,Piura,1914941,0.4999435818443751,2016-T3
2016,T4,Piura,1924467,0.4974565796021914,2016-T4
2017,T1,Piura,1933993,0.4949941983936331,2017-T1
2017,T2,Piura,1944087,0.521925363742268,2017-T2
2017,T3,Piura,1954181,0.5192154466338184,2017-T3
2017,T4,Piura,1964274,0.5164823524535342,2017-T4
2018,T1,Piura,1974368,0.5138794282264083,2018-T1
2018,T2,Piura,1984155,0.49570292873466343,2018-T2
2018,T3,Piura,1993943,0.493308234487729,2018-T3
2018,T4,Piura,2003730,0.4908364983352082,2018-T4
2019,T1,Piura,2013517,0.4884390611509535,2019-T1
2019,T2,Piura,2022126,0.4275603334861339,2019-T2
2019,T3,Piura,2030735,0.425740037960048,2019-T3
2019,T4,Piura,2039345,0.42398441943434273,2019-T4
2020,T1,Piura,2047954,0.42214534568697304,2020-T1
2020,T2,Piura,2055225,0.3550372713449618,2020-T2
2020,T3,Piura,2062497,0.3538298726416816,2020-T3
2020,T4,Piura,2069768,0.3525338461098368,2020-T4
2021,T1,Piura,2077039,0.3512954108866308,2021-T1
2021,T2,Piura,2083554,0.3136676778818308,2021-T2
2021,T3,Piura,2090069,0.3126868802056486,2021-T3
2021,T4,Piura,2096584,0.3117121970614367,2021-T4
2022,T1,Piura,2103099,0.3107435714476501,2022-T1
2022,T2,Piura,2109098,0.2852457254746448,2022-T2
2022,T3,Piura,2115096,0.28438697490586023,2022-T3
2022,T4,Piura,2121094,0.2835805088752473,2022-T4
2023,T1,Piura,2127093,0.28282574935387117,2023-T1
2023,T2,Piura,2132814,0.26895862099118373,2023-T2
2023,T3,Piura,2138536,0.26828406040095387,2023-T3
2023,T4,Piura,2144257,0.2675194619122615,2023-T4
2024,T1,Piura,2149978,0.26680570472662557,2024-T1
2024,T2,Piura,2155661,0.2643282861499048,2024-T2
2024,T3,Piura,2161344,0.2636314336994546,2024-T3
2024,T4,Piura,2167027,0.2629382458322229,2024-T4
2025,T1,Piura,2172710,0.2622486937172449,2025-T1
2025,T2,Piura,2178638,0.27283898909656606,2025-T2
2025,T3,Piura,2184566,0.2720966034742807,2025-T3
2025,T4,Piura,2190494,0.2713582469012152,2025-T4
2015,T1,Prov. Const. del Callao,1003208,0.46708006857985224,2015-T1
2015,T2,Prov. Const. del Callao,1008843,0.5616980725831533,2015-T2
2015,T3,Prov. Const. del Callao,1014478,0.5585606481880728,2015-T3
2015,T4,Prov. Const. del Callao,1020114,0.555556650809579,2015-T4
2016,T1,Prov. Const. del Callao,1025749,0.552389242770906,2016-T1
2016,T2,Prov. Const. del Callao,1032205,0.629393740573961,2016-T2
2016,T3,Prov. Const. del Callao,1038660,0.6253602724265044,2016-T3
2016,T4,Prov. Const. del Callao,1045116,0.6215700999364566,2016-T4
2017,T1,Prov. Const. del Callao,1051572,0.6177304720241581,2017-T1
2017,T2,Prov. Const. del Callao,1058376,0.6470313017082996,2017-T2
2017,T3,Prov. Const. del Callao,1065180,0.6428717204471757,2017-T3
2017,T4,Prov. Const. del Callao,1071985,0.6388591599541862,2017-T4
2018,T1,Prov. Const. del Callao,1078789,0.6347103737459013,2018-T1
2018,T2,Prov. Const. del Callao,1085470,0.6193055361150327,2018-T2
2018,T3,Prov. Const. del Callao,1092150,0.6154016232599704,2018-T3
2018,T4,Prov. Const. del Callao,1098831,0.611729158082681,2018-T4
2019,T1,Prov. Const. del Callao,1105512,0.6080097849441816,2019-T1
2019,T2,Prov. Const. del Callao,1111598,0.5505141509092619,2019-T2
2019,T3,Prov. Const. del Callao,1117683,0.5474101248832761,2019-T3
2019,T4,Prov. Const. del Callao,1123768,0.5444298607029006,2019-T4
2020,T1,Prov. Const. del Callao,1129854,0.5415708580418734,2020-T1
2020,T2,Prov. Const. del Callao,1135260,0.4784688995215311,2020-T2
2020,T3,Prov. Const. del Callao,1140667,0.47627856173916105,2020-T3
2020,T4,Prov. Const. del Callao,1146074,0.4740209018056979,2020-T4
2021,T1,Prov. Const. del Callao,1151480,0.4716972900528238,2021-T1
2021,T2,Prov. Const. del Callao,1156522,0.4378712613332407,2021-T2
2021,T3,Prov. Const. del Callao,1161564,0.43596230767767497,2021-T3
2021,T4,Prov. Const. del Callao,1166606,0.43406992640956504,2021-T4
2022,T1,Prov. Const. del Callao,1171648,0.4321939026543666,2022-T1
2022,T2,Prov. Const. del Callao,1176451,0.4099354072212815,2022-T2
2022,T3,Prov. Const. del Callao,1181254,0.40826179755892933,2022-T3
2022,T4,Prov. Const. del Callao,1186057,0.40660179775052613,2022-T4
2023,T1,Prov. Const. del Callao,1190860,0.40495524245462067,2023-T1
2023,T2,Prov. Const. del Callao,1195548,0.39366508237744147,2023-T2
2023,T3,Prov. Const. del Callao,1200237,0.39220508084995337,2023-T3
2023,T4,Prov. Const. del Callao,1204925,0.39058952523543267,2023-T4
2024,T1,Prov. Const. del Callao,1209614,0.3891528518372513,2024-T1
2024,T2,Prov. Const. del Callao,1214313,0.3884710329080186,2024-T2
2024,T3,Prov. Const. del Callao,1219012,0.3869677751946986,2024-T3
2024,T4,Prov. Const. del Callao,1223712,0.3855581405269185,2024-T4
2025,T1,Prov. Const. del Callao,1228411,0.3839955806595016,2025-T1
2025,T2,Prov. Const. del Callao,1233292,0.39734258322336746,2025-T2
2025,T3,Prov. Const. del Callao,1238174,0.3958511041991678,2025-T3
2025,T4,Prov. Const. del Callao,1243055,0.3942095375932623,2025-T4
2015,T1,Puno,1233379,-0.12640290216528738,2015-T1
2015,T2,Puno,1232979,-0.032431231600343446,2015-T2
2015,T3,Puno,1232578,-0.03252285724249967,2015-T3
2015,T4,Puno,1232178,-0.03245230727791669,2015-T4
2016,T1,Puno,1231778,-0.032462842219224824,2016-T1
2016,T2,Puno,1232252,0.03848096004312466,2016-T2
2016,T3,Puno,1232727,0.038547310128123145,2016-T3
2016,T4,Puno,1233202,0.03853245690246097,2016-T4
2017,T1,Puno,1233676,0.03843652540297535,2017-T1
2017,T2,Puno,1234466,0.06403626235737747,2017-T2
2017,T3,Puno,1235256,0.06399528217059036,2017-T3
2017,T4,Puno,1236046,0.06395435440103105,2017-T4
2018,T1,Puno,1236836,0.06391347894819449,2018-T1
2018,T2,Puno,1237382,0.044144898757798125,2018-T2
2018,T3,Puno,1237929,0.04420623542285244,2018-T3
2018,T4,Puno,1238475,0.04410592206822847,2018-T4
2019,T1,Puno,1239022,0.04416722178485638,2019-T1
2019,T2,Puno,1238766,-0.020661457181551258,2019-T2
2019,T3,Puno,1238510,-0.02066572702189114,2019-T3
2019,T4,Puno,1238253,-0.02075074080952112,2019-T4
2020,T1,Puno,1237997,-0.02067428869544431,2020-T1
2020,T2,Puno,1236817,-0.09531525520659581,2020-T2
2020,T3,Puno,1235637,-0.09540619186185184,2020-T3
2020,T4,Puno,1234457,-0.09549730220121282,2020-T4
2021,T1,Puno,1233277,-0.0955885867227453,2021-T1
2021,T2,Puno,1231546,-0.14035776228698013,2021-T2
2021,T3,Puno,1229815,-0.14055504219899215,2021-T3
2021,T4,Puno,1228084,-0.14075287746530982,2021-T4
2022,T1,Puno,1226353,-0.14095127043426997,2022-T1
2022,T2,Puno,1224252,-0.17132098180540187,2022-T2
2022,T3,Puno,1222152,-0.17153331176914557,2022-T3
2022,T4,Puno,1220052,-0.1718280541209277,2022-T4
2023,T1,Puno,1217951,-0.17220577483582666,2023-T1
2023,T2,Puno,1215664,-0.18777438501220492,2023-T2
2023,T3,Puno,1213376,-0.18820990010397612,2023-T3
2023,T4,Puno,1211089,-0.18848238303708,2023-T4
2024,T1,Puno,1208802,-0.18883830998382448,2024-T1
2024,T2,Puno,1206510,-0.1896092163977227,2024-T2
2024,T3,Puno,1204219,-0.18988653222932259,2024-T3
2024,T4,Puno,1201928,-0.19024778715499424,2024-T4
2025,T1,Puno,1199636,-0.1906936189189369,2025-T1
2025,T2,Puno,1197442,-0.18288880960558035,2025-T2
2025,T3,Puno,1195248,-0.18322390562549168,2025-T3
2025,T4,Puno,1193054,-0.18356023185146514,2025-T4
2015,T1,San Martín,817542,0.34945593136081604,2015-T1
2015,T2,San Martín,821146,0.44083362078033916,2015-T2
2015,T3,San Martín,824751,0.4390205882997664,2015-T3
2015,T4,San Martín,828356,0.43710162218657506,2015-T4
2016,T1,San Martín,831960,0.435078637687178,2016-T1
2016,T2,San Martín,836198,0.5093994903601134,2016-T2
2016,T3,San Martín,840435,0.5066981743558344,2016-T3
2016,T4,San Martín,844672,0.5041436874951662,2016-T4
2017,T1,San Martín,848910,0.5017332171541142,2017-T1
2017,T2,San Martín,853398,0.5286779517263314,2017-T2
2017,T3,San Martín,857886,0.525897646818952,2017-T3
2017,T4,San Martín,862373,0.5230298664391306,2017-T4
2018,T1,San Martín,866861,0.5204244567026102,2018-T1
2018,T2,San Martín,871217,0.5025027080466188,2018-T2
2018,T3,San Martín,875572,0.49987546156698043,2018-T3
2018,T4,San Martín,879928,0.49750334638384963,2018-T4
2019,T1,San Martín,884283,0.4949268576519897,2019-T1
2019,T2,San Martín,888124,0.43436320725378635,2019-T2
2019,T3,San Martín,891966,0.43259724993356785,2019-T3
2019,T4,San Martín,895807,0.4306217950011548,2019-T4
2020,T1,San Martín,899648,0.42877539469997444,2020-T1
2020,T2,San Martín,902904,0.3619193284484598,2020-T2
2020,T3,San Martín,906161,0.36072494971779945,2020-T3
2020,T4,San Martín,909418,0.35942840179614877,2020-T4
2021,T1,San Martín,912674,0.35803118038129883,2021-T1
2021,T2,San Martín,915601,0.3207059694918448,2021-T2
2021,T3,San Martín,918529,0.31978995217349043,2021-T3
2021,T4,San Martín,921456,0.31866168623962876,2021-T4
2022,T1,San Martín,924384,0.3177579830181799,2022-T1
2022,T2,San Martín,927086,0.29230276595008137,2022-T2
2022,T3,San Martín,929789,0.2915587119210084,2022-T3
2022,T4,San Martín,932492,0.2907111183289972,2022-T4
2023,T1,San Martín,935194,0.28976119902369135,2023-T1
2023,T2,San Martín,937776,0.2760924471286172,2023-T2
2023,T3,San Martín,940359,0.275438910784665,2023-T3
2023,T4,San Martín,942941,0.2745759864051921,2023-T4
2024,T1,San Martín,945523,0.27382413109621917,2024-T1
2024,T2,San Martín,948090,0.2714899584674302,2024-T2
2024,T3,San Martín,950656,0.2706494109209041,2024-T3
2024,T4,San Martín,953222,0.2699188770701495,2024-T4
2025,T1,San Martín,955789,0.2692971836571124,2025-T1
2025,T2,San Martín,958465,0.27997811232395436,2025-T2
2025,T3,San Martín,961141,0.2791964234479089,2025-T3
2025,T4,San Martín,963817,0.2784190873139321,2025-T4
2015,T1,Tacna,330422,0.4529811632799485,2015-T1
2015,T2,Tacna,332224,0.5453632022080854,2015-T2
2015,T3,Tacna,334026,0.5424051242535157,2015-T3
2015,T4,Tacna,335828,0.5394789627154772,2015-T4
2016,T1,Tacna,337630,0.5365842038186215,2016-T1
2016,T2,Tacna,339700,0.6130971773835263,2016-T2
2016,T3,Tacna,341770,0.6093612010597587,2016-T3
2016,T4,Tacna,343841,0.6059630745823215,2016-T4
2017,T1,Tacna,345911,0.6020224464214564,2017-T1
2017,T2,Tacna,348094,0.6310871871666411,2017-T2
2017,T3,Tacna,350278,0.6274167322619751,2017-T3
2017,T4,Tacna,352461,0.623219271550026,2017-T4
2018,T1,Tacna,354644,0.6193593050011207,2018-T1
2018,T2,Tacna,356784,0.6034220232120098,2018-T2
2018,T3,Tacna,358924,0.5998026817346069,2018-T3
2018,T4,Tacna,361065,0.5965051097168204,2018-T4
2019,T1,Tacna,363205,0.5926910667054409,2019-T1
2019,T2,Tacna,365147,0.5346842692143555,2019-T2
2019,T3,Tacna,367090,0.5321144634900464,2019-T3
2019,T4,Tacna,369032,0.5290255795581466,2019-T4
2020,T1,Tacna,370974,0.5262416267423963,2020-T1
2020,T2,Tacna,372691,0.4628356704243424,2020-T2
2020,T3,Tacna,374408,0.4607033708890207,2020-T3
2020,T4,Tacna,376125,0.45859062840537596,2020-T4
2021,T1,Tacna,377842,0.456497175141243,2021-T1
2021,T2,Tacna,379437,0.42213411955261726,2021-T2
2021,T3,Tacna,381032,0.4203596380953887,2021-T3
2021,T4,Tacna,382627,0.4186000125973671,2021-T4
2022,T1,Tacna,384222,0.4168550572751008,2022-T1
2022,T2,Tacna,385736,0.39404302720822854,2022-T2
2022,T3,Tacna,387250,0.39249642242362653,2022-T3
2022,T4,Tacna,388765,0.39122014202711425,2022-T4
2023,T1,Tacna,390279,0.38943834964567287,2023-T1
2023,T2,Tacna,391754,0.37793475949256816,2023-T2
2023,T3,Tacna,393230,0.37676705279333456,2023-T3
2023,T4,Tacna,394705,0.37509854283752514,2023-T4
2024,T1,Tacna,396180,0.37369681154279777,2024-T1
2024,T2,Tacna,397657,0.3728103387349185,2024-T2
2024,T3,Tacna,399135,0.37167709860507925,2024-T3
2024,T4,Tacna,400612,0.3700502336302253,2024-T4
2025,T1,Tacna,402089,0.368685910556848,2025-T1
2025,T2,Tacna,403624,0.3817562778389859,2025-T2
2025,T3,Tacna,405158,0.3800566864210255,2025-T3
2025,T4,Tacna,406693,0.37886454173433576,2025-T4
2015,T1,Tumbes,226099,0.40678026316373794,2015-T1
2015,T2,Tumbes,227224,0.4975696486937138,2015-T2
2015,T3,Tumbes,228348,0.49466605640249267,2015-T3
2015,T4,Tumbes,229473,0.492669084029639,2015-T4
2016,T1,Tumbes,230598,0.490253755343766,2016-T1
2016,T2,Tumbes,231902,0.5654862574697093,2016-T2
2016,T3,Tumbes,233205,0.5618752749006046,2016-T3
2016,T4,Tumbes,234509,0.559164683433031,2016-T4
2017,T1,Tumbes,235813,0.5560554179157303,2017-T1
2017,T2,Tumbes,237190,0.5839372723301938,2017-T2
2017,T3,Tumbes,238567,0.5805472406087946,2017-T3
2017,T4,Tumbes,239944,0.5771963431656516,2017-T4
2018,T1,Tumbes,241321,0.5738839062447905,2018-T1
2018,T2,Tumbes,242666,0.5573489252903809,2018-T2
2018,T3,Tumbes,244010,0.5538476754057017,2018-T3
2018,T4,Tumbes,245354,0.5507970984795705,2018-T4
2019,T1,Tumbes,246699,0.5481875168124424,2019-T1
2019,T2,Tumbes,247905,0.488854839298092,2019-T2
2019,T3,Tumbes,249110,0.4860732942054416,2019-T3
2019,T4,Tumbes,250316,0.4841234795873309,2019-T4
2020,T1,Tumbes,251521,0.48139152111730776,2020-T1
2020,T2,Tumbes,252569,0.4166650100786813,2020-T2
2020,T3,Tumbes,253616,0.4145401850583405,2020-T3
2020,T4,Tumbes,254664,0.4132231404958678,2020-T4
2021,T1,Tumbes,255712,0.411522633744856,2021-T1
2021,T2,Tumbes,256673,0.37581341509197846,2021-T2
2021,T3,Tumbes,257634,0.37440634581744087,2021-T3
2021,T4,Tumbes,258595,0.3730097735547327,2021-T4
2022,T1,Tumbes,259556,0.37162358127574,2022-T1
2022,T2,Tumbes,260458,0.3475165282251229,2022-T2
2022,T3,Tumbes,261360,0.3463130331953712,2022-T3
2022,T4,Tumbes,262262,0.3451178451178451,2022-T4
2023,T1,Tumbes,263164,0.34393087828202334,2023-T1
2023,T2,Tumbes,264036,0.33135231262634707,2023-T2
2023,T3,Tumbes,264908,0.3302579951218773,2023-T3
2023,T4,Tumbes,265781,0.3295483715101092,2023-T4
2024,T1,Tumbes,266653,0.32808966780921134,2024-T1
2024,T2,Tumbes,267523,0.32626672116945993,2024-T2
2024,T3,Tumbes,268394,0.32557948288558364,2024-T3
2024,T4,Tumbes,269264,0.32415031632599833,2024-T4
2025,T1,Tumbes,270134,0.3231029770039812,2025-T1
2025,T2,Tumbes,271039,0.3350189165377183,2025-T2
2025,T3,Tumbes,271944,0.3339002874125126,2025-T3
2025,T4,Tumbes,272850,0.3331568264054364,2025-T4
2015,T1,Ucayali,514343,0.5558162267839687,2015-T1
2015,T2,Ucayali,517686,0.6499553799701755,2015-T2
2015,T3,Ucayali,521030,0.6459514068373493,2015-T3
2015,T4,Ucayali,524374,0.6418056541849798,2015-T4
2016,T1,Ucayali,527717,0.6375220739395927,2016-T1
2016,T2,Ucayali,531500,0.7168614996295364,2016-T2
2016,T3,Ucayali,535282,0.7115710253998119,2016-T3
2016,T4,Ucayali,539064,0.7065434668081497,2016-T4
2017,T1,Ucayali,542847,0.7017719602867192,2017-T1
2017,T2,Ucayali,546827,0.7331715934692464,2017-T2
2017,T3,Ucayali,550807,0.7278353117165026,2017-T3
2017,T4,Ucayali,554787,0.7225761473619616,2017-T4
2018,T1,Ucayali,558767,0.7173924407024678,2018-T1
2018,T2,Ucayali,562703,0.7044080985455476,2018-T2
2018,T3,Ucayali,566638,0.6993031848061944,2018-T3
2018,T4,Ucayali,570574,0.6946233750648562,2018-T4
2019,T1,Ucayali,574509,0.6896563811179619,2019-T1
2019,T2,Ucayali,578159,0.6353251211034118,2019-T2
2019,T3,Ucayali,581810,0.631487186050896,2019-T3
2019,T4,Ucayali,585460,0.6273525721455459,2019-T4
2020,T1,Ucayali,589110,0.6234413965087282,2020-T1
2020,T2,Ucayali,592432,0.5639014785014683,2020-T2
2020,T3,Ucayali,595755,0.5609082561374132,2020-T3
2020,T4,Ucayali,599078,0.557779624174367,2020-T4
2021,T1,Ucayali,602400,0.5545187771876116,2021-T1
2021,T2,Ucayali,605556,0.5239043824701195,2021-T2
2021,T3,Ucayali,608712,0.5211739294136297,2021-T3
2021,T4,Ucayali,611868,0.5184717896147932,2021-T4
2022,T1,Ucayali,615024,0.5157975249563631,2022-T1
2022,T2,Ucayali,618076,0.4962407971071048,2022-T2
2022,T3,Ucayali,621128,0.49379040765213345,2022-T3
2022,T4,Ucayali,624181,0.49152509627645186,2022-T4
2023,T1,Ucayali,627233,0.488960734146025,2023-T1
2023,T2,Ucayali,630244,0.480044895597011,2023-T2
2023,T3,Ucayali,633256,0.47791014273836796,2023-T3
2023,T4,Ucayali,636268,0.4756370251525449,2023-T4
2024,T1,Ucayali,639279,0.4732282623045635,2024-T1
2024,T2,Ucayali,642313,0.4745971633668555,2024-T2
2024,T3,Ucayali,645348,0.472511065477423,2024-T3
2024,T4,Ucayali,648382,0.4701339432368273,2024-T4
2025,T1,Ucayali,651416,0.4679340265460793,2025-T1
2025,T2,Ucayali,654567,0.4837154752109251,2025-T2
2025,T3,Ucayali,657718,0.4813869321245954,2025-T3
2025,T4,Ucayali,660868,0.4789286593950599,2025-T4
2015,T1,Áncash,1116151,0.15245160850355152,2015-T1
2015,T2,Áncash,1118788,0.23625835572427026,2015-T2
2015,T3,Áncash,1121424,0.23561210881775635,2015-T3
2015,T4,Áncash,1124061,0.23514745537816206,2015-T4
2016,T1,Áncash,1126698,0.2345958093021642,2016-T1
2016,T2,Áncash,1130145,0.30593823722062163,2016-T2
2016,T3,Áncash,1133592,0.30500510996376573,2016-T3
2016,T4,Áncash,1137039,0.30407765756991934,2016-T4
2017,T1,Áncash,1140486,0.30315582842804867,2017-T1
2017,T2,Áncash,1144227,0.3280180554605668,2017-T2
2017,T3,Áncash,1147968,0.32694561481244544,2017-T3
2017,T4,Áncash,1151710,0.32596727434911077,2017-T4
2018,T1,Áncash,1155451,0.32482135259744205,2018-T1
2018,T2,Áncash,1158969,0.30446985635911866,2018-T2
2018,T3,Áncash,1162486,0.3034593677656607,2018-T3
2018,T4,Áncash,1166004,0.30262730045781194,2018-T4
2019,T1,Áncash,1169522,0.3017142308259663,2019-T1
2019,T2,Áncash,1172301,0.2376184458265856,2019-T2
2019,T3,Áncash,1175080,0.23705515904191843,2019-T3
2019,T4,Áncash,1177859,0.23649453654219285,2019-T4
2020,T1,Áncash,1180638,0.23593655946934225,2020-T1
2020,T2,Áncash,1182576,0.16414853663866485,2020-T2
2020,T3,Áncash,1184514,0.16387953078702763,2020-T3
2020,T4,Áncash,1186453,0.16369582799359061,2020-T4
2021,T1,Áncash,1188391,0.1633440178414147,2021-T1
2021,T2,Áncash,1189832,0.12125638783868273,2021-T2
2021,T3,Áncash,1191274,0.1211935802701558,2021-T3
2021,T4,Áncash,1192715,0.12096293547915929,2021-T4
2022,T1,Áncash,1194156,0.12081679194107561,2022-T1
2022,T2,Áncash,1195254,0.09194778571643906,2022-T2
2022,T3,Áncash,1196352,0.09186331942833907,2022-T3
2022,T4,Áncash,1197449,0.0916954207457337,2022-T4
2023,T1,Áncash,1198547,0.0916949281347264,2023-T1
2023,T2,Áncash,1199453,0.07559152874271931,2023-T2
2023,T3,Áncash,1200359,0.07553443111151499,2023-T3
2023,T4,Áncash,1201265,0.07547741967194814,2023-T4
2024,T1,Áncash,1202171,0.07542049422900027,2024-T1
2024,T2,Áncash,1203038,0.07211952376159464,2024-T2
2024,T3,Áncash,1203905,0.0720675489884775,2024-T3
2024,T4,Áncash,1204772,0.0720156490753008,2024-T4
2025,T1,Áncash,1205639,0.07196382386044828,2025-T1
2025,T2,Áncash,1206602,0.07987465568051465,2025-T2
2025,T3,Áncash,1207565,0.07981090699335822,2025-T3
2025,T4,Áncash,1208528,0.07974725998186434,2025-T4
